English	Part_of_speech	Cognate Eng-Port	Cognate_Eng-Span	Cognate_Port-Spanish	False_Cognate_En-PT	False_Cognate_En-Spanish	False_cognate Port-Span	Similar_word_in_Portuguese	Similar_word_in_Spanish	Translation_in_Portuguese	Translation_in_Spanish	Comments
actor	noun	Yes	Yes	yes	No	No	no	ator	actor	ator	actor	
clerk	noun	No	No	no	No	No	no	escriturário	empleado	escriturário	empleado	
cereal	noun	Yes	Yes	yes	No	No	no	cereal	cereal	cereal	cereal	
pepper	noun	No	No	yes	No	No	no	pimenta	pimienta	pimenta	pimienta	
error	noun	Yes	Yes	yes	No	No	no	erro	error	erro	error	
laugh	verb/noun	No	No	yes	No	No	no	risada	risa	risada	risa	
piano	noun	Yes	Yes	yes	No	No	no	piano	piano	piano	piano	
bench	noun	no	No	yes	No	No	no	banco	banco	banco	banco	
origin	noun	Yes	Yes	yes	No	No	no	origem	origen	origem	origen	
safety	noun	no	no	no	no	no	no	segurança	seguridad	segurança	seguridad	
security	noun	yes	yes	yes	no	no	no	segurança	seguridad	segurança	seguridad	
dentist	noun	Yes	Yes	yes	No	No	no	dentista	dentista	dentista	dentista	
surgeon	noun	no	no	no	No	No	No	cirurgião	cirujano	cirurgião	cirujano	
accident	noun	Yes	Yes	yes	No	No	no	acidente	accidente	acidente	accidente	
basement	noun	no	no	yes	no	no	no	sótão	sótano	sótão	sótano	
destruction	noun	Yes	Yes	yes	No	No	no	destruição	destrucción	destruição	destrucción	
improvement	noun	No	No	yes	No	No	no	melhoria	mejora	melhoria	mejora	
fruit	noun	Yes	Yes	yes	No	No	no	fruta	fruta	fruta	fruta	
candy	noun	No	No	no	No	No	yes	bala	caramelo	bala	caramelo	
desert	noun	Yes	Yes	yes	No	No	no	deserto	desierto	deserto	Desierto	
jungle	noun	No	Yes	no	No	No	no	selva	jungla	selva	jungla	selva also exists in Spanish
discount	noun	Yes	Yes	yes	No	No	no	desconto	descuento	desconto	descuento	
salesman	noun	Yes	Yes	yes	No	No	no	vendedor	vendedor	vendedor	vendedor	
suggestion	noun	Yes	Yes	Maybe	No	No	no	sugestão	sugerencia	sugestão	sugerencia	
assumption	noun	Yes	Yes	yes	No	No	no	suposição	suposición	suposição	suposición	
instruction	noun	Yes	Yes	yes	No	No	no	instrução	instrucción	instrução	instrucción	
measurement	noun	yes	yes	yes	no	no	no	medição	medición	medição	medición	
inspector	noun	yes	yes	yes	no	no	no	inspetor	inspector	inspetor	inspector	
physician	noun	no	no	yes	yes	yes	no	médico	médico	médico	médico	
tractor	noun	yes	yes	yes	no	no	no	trator	tractor	trator	tractor	
nursery	noun	no	no	no	no	no	no	berçário	guardería	berçário	guardería	
insect	noun	yes	yes	yes	no	no	no	inseto	insecto	inseto	insecto	
potato	noun	maybe	maybe	yes	no	no	no	batata	patata	batata	patata	
talent	noun	yes	yes	yes	no	no	no	talento	talento	talento	talento	
weapon	noun	no	no	yes	no	no	no	arma	arma	arma	arma	Note that English also has arms which is a cognate
academy	noun	yes	yes	yes	no	no	no	academia	academia	academia	academia	
lecture	noun	yes	yes	yes	yes	yes	no	leitura	lectura	palestra	conferencia	
fantasy	noun	yes	yes	yes	no	no	no	fantasia	fantasía	fantasia	fantasía	Note extra meaning of costume in Portuguese which doesn't exist in Spanish or English
holiday	noun	no	no	no	no	no	no	feriado	vacaciones	feriado	vacaciones	
camera	noun	yes	yes	yes	no	no	no	câmera	cámara	câmera	cámara	
ladder	noun	no	no	yes	no	no	no	escada	escalera	escada	escalera	
author	noun	yes	yes	yes	no	no	no	autor	autor	autor	autor	
reader	noun	no	no	yes	no	no	no	leitor	lector	leitor	lector	
tourist	noun	yes	yes	yes	no	no	no	turista	turista	turista	turista	
emperor	noun	yes	yes	yes	no	no	no	imperador	emperador	imperador	emperador	
restaurant	noun	yes	yes	yes	no	no	no	restaurante	restaurante	restaurante	restaurante	
entrepreneur	noun	yes	yes	yes	no	no	no	empreendedor	emprendedor	empreendedor	emprendedor	
guitar	noun	no	yes	no	yes	yes	yes	violão	guitarra	violão	guitarra	
mirror	noun	no	no	yes	no	no	no	espelho	espejo	espelho	espejo	
corn	noun	no	no	no	no	no	no	milho	naiz	milho	maíz	
meat	noun	no	no	no	no	no	no	carne	carne	carne	carne	
fish	noun	no	no	no	no	no	no	peixe	pez	peixe	pez	
bird	noun	no	no	yes	no	no	no	pássaro	pájaro	pássaro	pájaro	
butter	noun	no	no	yes	no	no	no	manteiga	mantequilla	manteiga	mantequilla	
candle	noun	no	no	yes	no	no	no	vela	vela	vela	vela	
beer	noun	no	no	yes	no	no	no	cerveja	cerveza	cerveja	cerveza	
meal	noun	no	no	no	no	no	no	refeição	comida	refeição	comida	
knee	noun	no	no	no	no	no	no	joelho	rodilla	joelho	rodilla	
bone	noun	no	no	no	no	no	no	osso	hueso	osso	hueso	
finger	noun	no	no	no	yes	yes	no	fingir	fingir	dedo	dedo	
tongue	noun	no	no	yes	no	no	no	língua	lengua	língua	lengua	
magazine	noun	no	no	yes	no	no	no	revista	revista	revista	revista	
workshop	noun	no	no	no	no	no	no	oficina	taller	oficina	taller	but oficina also exists in SP
neighbor	noun	no	no	yes	no	no	no	vizinho	vecino	vizinho	vecino	
employee	noun	no	no	yes	no	no	no	empregado	empleado	empregado	empleado	
affair	noun	no	no	no	no	no	no	caso	asunto	caso	asunto	
injury	noun	no	no	no	no	no	no	injúria	injuria	ferida	herida	
ending	noun	no	no	yes	no	no	yes	final	finalizando	final	finalizando	
screen	noun	no	no	no	no	no	no	tela	pantalla	tela	pantalla	
engagement	noun	no	no	no	no	no	no	noivado	compromiso	noivado	compromiso	
commitment	noun	no	no	yes	no	no	yes	comprometimento	compromiso	compromisso	compromiso	
carpet	noun	Yes	No	No	No	Yes	No	carpete	carpeta	carpete	alfombra	
bomb	noun	No	No	Yes	Yes	Yes	no	bomba	bomba	bomba	bomba	
salsa	noun	No	Yes	No	Yes	No	Yes	salsa	salsa	molho	salsa	The dance meaning is the same in all three languages
actual	adjective	No	No	Yes	Yes	Yes	no	atual	actual	real	real	
alms	noun	No	No	No	Yes	Yes	No	almas	almas	esmola	limosna	
avocado	noun	No	No	Yes	No	No	No	abacate 	aguacate 	abacate	aguacate	
balcony	noun	No	Yes	No	Yes	No	Yes	balcão	balcón	sacada	balcón	
beef	noun	No	No	yes	Yes	Yes	no	bife	carne	bife	carne	
brand	noun	No	No	yes	Yes	No	no	brando	blando	marca	marca	
bland	adjective	No	No	yes	No	Yes	no	brando	blando	brando	blando	
candor	noun	Yes	Yes	Yes	No	No	No	candor	candor	candor	candor	
cargo	noun	No	No	Yes	Yes	Yes	No	cargo	cargo	carga	carga	
commodity	noun	No	No	Yes	Yes	Yes	No	comodidade	comodidad	mercadoria	mercancía	
comprehensive	adjective	No	No	no	Yes	Yes	no	compreensivo	comprensivo	abrangente	completo	
construe	verb	No	No	Yes	Yes	Yes	No	construir	construir	interpretar	interpretar	
doze	noun	No	No	No	Yes	Yes	Yes	doce/doze	doce	cochilar	dormitar	
invite	verb	No	Yes	No	No	No	No	convidar	invitar	convidar	invitar	
exit	noun	No	No	Yes	Yes	Yes	No	êxito	éxito	saída	salida	
fabric	noun	No	No	Yes	Yes	Yes	No	fábrica	fábrica	fábrica	fábrica	
file	noun	No	No	yes	Yes	Yes	no	fila	fila	arquivo	archivo	
grip	noun	No	No	yes	Yes	Yes	no	gripe	gripe	aperto	agarre	
excited	adjective	No	No	no	Yes	Yes	no	excitado	excitado	animado	emocionado	
devil	noun	No	No	Yes	Yes	No	No	débil	débil	diabo	diablo	
intent	noun	No	No	yes	Yes	Yes	no	intenção	intención	intenção	inención	
air	noun	yes	yes	yes	no	no	no	ar	aire	ar	aire	
adult	noun	yes	yes	yes	no	no	no	adulto	adulto	adulto	adulto	
agenda	noun	yes	yes	yes	no	no	no	agenda	agenda	agenda	agenda	
agent	noun	yes	yes	yes	no	no	no	agente	agente	agente	agente	
alarm	noun	yes	yes	yes	no	no	no	alarme	alarma	alarme	alarma	
alcohol	noun	yes	yes	yes	no	no	no	álcool	alcohol	álcool	alcohol	
altar	noun	yes	yes	yes	no	no	no	altar	altar	altar	altar	
area	noun	yes	yes	yes	no	no	no	área	área	área	área	
artist	noun	yes	yes	yes	no	no	no	artista	artista	artista	artista	
atmosphere	noun	yes	yes	yes	no	no	no	atmosfera	atmósfera	atmosfera	atmósfera	
attention	noun	yes	yes	yes	no	no	no	atenção	atención	atenção	atención	
banana	noun	yes	yes	yes	no	no	no	banana	banana	banana	banana	
base	noun	yes	yes	yes	no	no	no	base	base	base	base	
blouse	noun	yes	yes	yes	no	no	no	blusa	blusa	blusa	blusa	
cabin	noun	yes	yes	yes	no	no	no	cabine	cabina	cabine	cabina	
cable	noun	yes	yes	yes	no	no	no	cabo	cable	cabo	cable	
cafe	noun	yes	yes	yes	no	no	no	café	café	café	café	
cafeteria	noun	yes	yes	yes	no	no	no	cafeteria	cafetería	cafeteria	cafetería	
canal	noun	yes	yes	yes	no	no	no	canal	canal	canal	canal	
cancer	noun	yes	yes	yes	no	no	no	câncer	cáncer	câncer	cáncer	
capital	noun	yes	yes	yes	no	no	no	capital	capital	capital	capital	
carbon	noun	yes	yes	yes	no	no	no	carbono	carbón	carbono	carbón	
center	noun	yes	yes	yes	no	no	no	centro	centro	centro	centro	
cheque	noun	yes	yes	yes	no	no	no	cheque	cheque	cheque	cheque	
chocolate	noun	yes	yes	yes	no	no	no	chocolate	chocolate	chocolate	chocolate	
class	noun	yes	yes	yes	no	no	no	classe	clase	classe	clase	
club	noun	yes	yes	yes	no	no	no	clube	club	clube	club	
coast	noun	yes	yes	yes	no	no	no	costa	costa	costa	costa	
color	noun	yes	yes	yes	no	no	no	cor	color	cor	color	
combustion	noun	yes	yes	yes	no	no	no	combustão	combustión	combustão	combustión	
company	noun	yes	yes	yes	no	no	no	companhia	compañía	companhia	compañía	
concert	noun	yes	yes	yes	no	no	no	concerto	concierto	concerto	concierto	
conclusion	noun	yes	yes	yes	no	no	no	conclusão	conclusión	conclusão	conclusión	
conductor	noun	yes	yes	yes	no	no	no	condutor	conductor	condutor	conductor	
confusion	noun	yes	yes	yes	no	no	no	confusão	confusión	confusão	confusión	
construction	noun	yes	yes	yes	no	no	no	construção	construcción	construção	construcción	
continent	noun	yes	yes	yes	no	no	no	continente	continente	continente	continente	
control	noun	yes	yes	yes	no	no	no	controle 	control	controle	control 	
crisis	noun	yes	yes	yes	no	no	no	crise	crisis	crise 	crisis	
culture	noun	yes	yes	yes	no	no	no	cultura	cultura	cultura	cultura	
debate	noun	yes	yes	yes	no	no	no	debate	debate	debate	debate	
decision	noun	yes	yes	yes	no	no	no	decisão	decisión	decisão	decisión 	
dimension	noun	yes	yes	yes	no	no	no	dimensão	dimensión	dimensão	dimensión 	
direction	noun	yes	yes	yes	no	no	no	direção	dirección	direção	dirección 	
director	noun	yes	yes	yes	no	no	no	diretor	director	diretor	director	
disaster	noun	yes	yes	yes	no	no	no	desastre 	desastre	desastre	desastre	
disco	noun	yes	yes	yes	no	no	no	disco	disco	disco	disco	There is also disk, which shares the other meanings of disco in Spanish and Portuguese
distance	noun	yes	yes	yes	no	no	no	distância	distancia	distância 	distancia 	
division	noun	yes	yes	yes	no	no	no	divisão	división	divisão	división	
doctor	noun	yes	yes	yes	no	no	no	doutor	doctor	doutor	doctor	
dragon	noun	yes	yes	yes	no	no	no	dragão	dragón	dragão	dragón 	
drama	noun	yes	yes	yes	no	no	no 	drama	drama	drama	drama 	
editorial	noun	yes	yes	yes	no	no	no	editorial	editorial	editorial	editorial 	
elephant	noun	yes	yes	yes	no	no	no	elefante	elefante	elefante	elefante 	
enigma	noun	yes	yes	yes	no	no	no	enigma	enigma	enigma	enigma	
excursion	noun	yes	yes	yes	no	no	no	excursão	excursión	excursão	excursión	
explosion	noun	yes	yes	yes	no	no	no	explosão 	explosión	explosão	explosión 	
expulsion	noun	yes	yes	yes	no	no	no	expulsão	expulsión	expulsão	expulsión 	
extension	noun	yes	yes	yes	no	no	no	extensão	extensión	extensão	extensión 	
exterior	noun	yes	yes	yes	no	no	no	exterior	exterior	exterior	exterior	
factor	noun	yes	yes	yes	no	no	no	fator	factor	fator 	factor	
family	noun	yes	yes	yes	no	no	no	família	familia	família	familia 	
festival	noun	yes	yes	yes	no	no	no	festival	festival	festival	festival 	
final	adjective	yes	yes	yes	no	no	no	final	final	final	final	
formula	noun	yes	yes	yes	no	no	no	fórmula	formula	fórmula	formula	
funeral	noun	yes	yes	yes	no	no	no	funeral	funeral	funeral	funeral 	
galaxy	noun	yes	yes	yes	no	no	no	galáxia	galaxia	galáxia	galaxia	
general	noun/adjective	yes	yes	yes	no	no	no	general	general	general	general	
genesis	noun	yes	yes	yes	no	no	no	gênese	génesis	gênese	génesis	
multiple	adjective	yes	yes	yes	no	no	no	múltiplo	múltiple	múltiplo	múltiple 	
music	noun	yes	yes	yes	no	no	no	música	música	música	música	
musical	noun/adjective	yes	yes	yes	no	no	no	musical	musical	musical	musical	
nostalgia	noun	yes	yes	yes	no	no	no	nostalgia	nostalgia	nostalgia	nostalgia	
object	noun	yes	yes	yes	no	no	no	objeto	objeto	objeto	objeto	
observatory	noun	yes	yes	yes	no	no	no	observatório	observatorio	observatório	observatorio 	
occasion	noun	yes	yes	yes	no	no	no	ocasião	ocasión	ocasião	ocasión 	
ocean	noun	yes	yes	yes	no	no	no	oceano	océano	oceano	océano 	
opera	noun	yes	yes	yes	no	no	no	ópera	ópera	ópera	ópera	
opportunity	noun	yes	yes	yes	no	no	no	oportunidade	oportunidad	oportunidade	oportunidad	
original	noun	yes	yes	yes	no	no	no	original	original	original	original 	
palace	noun	yes	yes	yes	no	no	no	palácio	palacio	palácio	palacio	
panic	noun	yes	yes	yes	no	no	no	pânico	pánico	pânico	pánico 	
panorama	noun	yes	yes	yes	no	no	no	panorama	panorama	panorama	panorama	
paradise	noun	yes	yes	yes	no	no	no	paraíso	paraíso	paraíso	paraíso	
park	noun	yes	yes	yes	no	no	no	parque	parque	parque	parque	
part	noun	yes	yes	yes	no	no	no	parte	parte	parte	parte	
pastor	noun	yes	yes	yes	no	no	no	pastor	pastor	pastor	pastor	
patience	noun	yes	yes	yes	no	no	no	paciência	paciencia	paciência	paciencia 	
patio	noun	yes	yes	yes	no	no	no	pátio	patio	pátio	patio	
perfume	noun	yes	yes	yes	no	no	no	perfume	perfume	perfume	perfume	
photo	noun	yes	yes	yes	no	no	no	foto	foto	foto	foto	
planet	noun	yes	yes	yes	no	no	no	planeta	planeta	planeta	planeta	
plan	noun	yes	yes	yes	no	no	no	plano	plan	plano	plan	
plant	noun	yes	yes	yes	no	no	no	planta	planta	planta	planta	
plaza	noun	yes	yes	yes	no	no	no	praça	plaza	praça	plaza	
pretension	noun	yes	yes	yes	no	no	no	pretensão	pretensión	pretensão	pretensión 	
propaganda	noun	yes	yes	yes	no	no	no	propaganda	propaganda	propaganda	propaganda 	In Portuguese and LatAm Spanish, it can also mean advertising
protector	noun	yes	yes	yes	no	no	no	protetor	protector	protetor	protector 	
radical	noun/adjective	yes	yes	yes	no	no	no	radical	radical	radical	radical 	
radio	noun	yes	yes	yes	no	no	no	rádio	radio	rádio	radio	
ranch	noun	yes	yes	yes	no	no	no	rancho 	rancho	rancho	rancho	
reality	noun	yes	yes	yes	no	no	no	realidade	realidad	realidade	realidad	
region	noun	yes	yes	yes	no	no	no	região	región	região	región	
religion	noun	yes	yes	yes	no	no	no	religião	religión	religião	religión 	
reunion	noun	yes	yes	yes	no	no	no	reunião	reunión	reunião	reunión 	
revision	noun	yes	yes	yes	no	no	no	revisão	revisión	revisão	revisión 	
ritual	noun	yes	yes	yes	no	no	no	ritual	ritual	ritual	ritual	
savor	verb	yes	yes	yes	no	no	no	sabor	sabor	sabor	sabor 	
salary	noun	yes	yes	yes	no	no	no	salário	salario	salário	salario 	
series	noun	yes	yes	yes	no	no	no	série	serie	série	serie 	
sofa	noun	yes	yes	yes	no	no	no	sofá	sofá	sofá	sofá	
subversion	noun	yes	yes	yes	no	no	no	subversão	subversión	subversão 	subversión 	
suggestion	noun	yes	yes	yes	no	no	no	sugestión	sugestão	sugestión	sugerencia	(sugestión also exists in Spanish and means the same)
taxi	noun	yes	yes	yes	no	no	no	táxi	taxi	táxi	taxi 	
television	noun	yes	yes	yes	no	no	no	televisão	televisión	televisão	televisión 	
terror	noun	yes	yes	yes	no	no	no	terror	terror	terror	terror	
total	adjective/noun	yes	yes	yes	no	no	no	total	total	total	total 	
transit	noun	yes	yes	yes	no	no	no	trânsito	tránsito	trânsito	tránsito	
uniform	noun	yes	yes	yes	no	no	no	uniforme	uniforme	uniforme	uniforme	
union	noun	yes	yes	yes	no	no	no	união	unión	união	unión 	
universe	noun	yes	yes	yes	no	no	no	universo	universo	universo	universo 	
university	noun	yes	yes	yes	no	no	no	universidade	universidad	universidade	universidad	
vegetable	noun	yes	yes	yes	no	no	no	vegetal	vegetal	vegetal	vegetal	
velocity	noun	yes	yes	yes	no	no	no	velocidade	velocidad	velocidade	velocidad	
version	noun	yes	yes	yes	no	no	no	versão	versión	versão	versión 	
violin	noun	yes	yes	yes	no	no	no	violino	violín	violino	violín	False cognate in portuguese: violão
advertising	noun	yes	yes	yes	yes	yes	no	advertência	advertencia	propaganda/publicidade	publicidad	
dance	verb/noun	no	no	no	no	no	no	dança	danza	dança	danza/baile	
jug	noun	no	no	no	yes	yes	yes	jugo	jugo	jarra	jarra	jugo is a false cognate in portuguese/spanish too
jar	noun	no	no	no	yes	yes	no	jarra	jarra	frasco	frasco	
vial	noun	no	yes	no	no	no	no	via	vial	frasco	vial	vial can also be a road or something referring to roads in Spanish (administración vial)
sob	noun/verb	no	no	yes	yes	no	no	sob	sobre	soluçar	sollozar	
leopard	noun	yes	yes	yes	no	no	no	leopardo	leopardo	leopardo	leopardo	
hippopotamus	noun	yes	yes	yes	no	no	no	hipopótamo	hipopótamo	hipopótamo	hipopótamo	
group	noun	yes	yes	yes	no	no	no	grupo	grupo	grupo	grupo	
problem	noun	yes	yes	yes	no	no	no	problema	problema	problema	problema	
human	noun	yes	yes	yes	no 	no	no	humano	humano	humano	humano	
information	noun	yes	yes	yes	no	no	no	informação	información	informação	información	
moment	noun	yes	yes	yes	no	no	no	momento	momento	momento	momento	
list	noun	yes	yes	yes	no	no	no	lista	lista	listas	listas	
air	noun	yes	yes	yes	no	no	no	ar	aire	ar	aire	
mortal	noun/adjective	yes	yes	yes	no	no	no	mortal	mortal	mortal	mortal	
exam	noun	yes	yes	yes	no	no	no	exame	examen	exame	examen	
computer	noun	yes	yes	yes	yes	no	no	computador	computadora	computador	ordenador	both 'computadora' and ordenador are possible as translation into Spanish
apartment	noun	yes	yes	yes	no	no	no	apartamento	apartamento	apartamento	apartamento	
animal	noun	yes	yes	yes	no	no	no	animal	animal	animal	animal	
actor	noun	yes	yes	yes	no	no	no	ator	actor	ator	actor	
movement	noun	yes	yes	yes	no	no	no	movimento	movimiento	movimento	movimiento	
metabolism	noun	yes	yes	yes	no	no	no	metabolismo	metabolismo	metabolismo	metabolismo	
equipment	noun	yes	no	no	no	yes	yes	equipamento	equipo	equipamento	equipo	
department	noun	yes	yes	yes	no	no	no	departamento	departamento	departamento	departamento	
crocodile	noun	yes	yes	yes	no	no	no	crocodilo	cocodrilo	crocodilo	cocodrilo	
calendar	noun	yes	yes	yes	no	no	no	calendário	calendario	calendário	calendario	
auditorium	noun	yes	yes	yes	no	no	no	auditório	auditorio	auditório	auditorio	
activities	noun	yes	no	yes	no	no	no	atividades	actvidades	atividades	ocupaciones	
access	noun	yes	yes	yes	no	no	no	acesso	acceso	acesso	acceso	
academic	noun	yes	yes	yes	no	no	no	acadêmico	académico	acadêmico	académico	
language	noun	no	no	no	no	yes	no	linguagem	lenguaje	idioma	lengua, idioma	
electricity	noun	yes	yes	yes	no	no	no	eletricidade	electricidad	eletricidade	electricidad	
effects	noun	yes	yes	yes	no	no	no	efeito	efecto	efeito	efecto	
dissertation	noun	yes	yes	yes	no	no	no	dissertação	disertación	dissertação	disertación	
dictionary	noun	yes	yes	yes	no	no	no	dicionário	diccionario	dicionário	diccionario	
competition	noun	yes	yes	yes	no	no	no	competição	competición	competição	competencia	competición in Spanish refers to an event
music	noun	yes	yes	yes	no	no	no	música	música	música	música	
memory	noun	yes	yes	yes	no	no	no	memória	memoria	memória	memoria	
part	noun	yes	yes	yes	no	no	no	parte	parte	parte	parte	
human	noun	yes	yes	yes	no	no	no	humano	humano	humano	humano	
line	noun	yes	yes	yes	no	no	no	linha	línea	linha	línea	
local	noun	yes	yes	yes	no	no	no	local	local	local	local	
history	noun	yes	yes	yes	no	no	no	história	historia	história	historia	
million	noun	yes	yes	yes	no	no	no	milhão	millón	milhão	millón	
idea	noun	yes	yes	yes	no	no	no	ideia	idea	ideia	idea	
material	noun	yes	yes	yes	no	no	no	material	material	material	material	
hour	noun	yes	yes	yes	no	no	no	hora	hora	hora	hora	
hotel	noun	yes	yes	yes	no	no	no	hotel	hotel	hotel	hotel	
manner	noun	yes	yes	yes	no	no	no	maneira	manera	maneira	manera	
radio	noun	yes	yes	yes	no	no	no	rádio	radio	rádio	radio	
hospital	noun	yes	yes	yes	no	no	no	hospital	hospital	hospital	hospital	
gas	noun	yes	yes	yes	no	no	no	gás	gas	gás	gas	
park	noun	yes	yes	yes	no	no	no	parque	parque	parque	parque	
universe	noun	yes	yes	yes	no	no	no	universo	universo	universo	universo	
independence	noun	yes	yes	yes	no	no	no	independência	independencia	independência	independencia	
metal	noun	yes	yes	yes	no	no	no	metal	metal	metal	metal	
ideal	noun/adjective	yes	yes	yes	no	no	no	ideal	ideal	ideal	ideal	
motor	noun	yes	yes	yes	no	no	no	motor	motor	motor	motor	
minute	noun	yes	yes	yes	no	no	no	minuto	minuto	minuto	minuto	
intelligence	noun	yes	yes	yes	no	no	no	inteligência	inteligencia	inteligência	inteligencia	
identification	noun	yes	yes	yes	no	no	no	identificação	identificación	identificação	identicación	
restaurant	noun	yes	yes	yes	no	no	no	restaurante	restaurante	restaurante	restaurante	
piano	noun	yes	yes	yes	no	no	no	piano	piano	piano	piano	
magic	noun	yes	yes	yes	no	no	no	mágico	mágico	mágico	mágico	
error	noun	yes	yes	yes	no	no	no	erro	error	erro	error	
fruit	noun	yes	yes	yes	no	no	no	fruta	fruta	fruta	fruta	
lesson	noun	yes	yes	yes	no	no	no	lição	lección	lição	lección	
mate	noun	no	no	no	yes	yes	yes	mate	mate	companheiro	compañero	
inspection	noun	yes	yes	yes	no	no	no	inspeção	inspección	inspeção	inspección	
lemon	noun	yes	yes	yes	no	no	no	limão	limón	limão	limón	
horror	noun	yes	yes	yes	no	no	no	horror	horror	horror	horror	
invasion	noun	yes	yes	yes	no	no	no	invasão	invasión	invasão	invasión	
tourist	noun	yes	yes	yes	no	no	no	turista	turista	turista	turista	
map	noun	yes	yes	yes	no	no	no	mapa	mapa	mapa	mapa	
inspector	noun	yes	yes	yes	no	no	no	inspetor	inspector	inspetor	inspector	
mania	noun	yes	yes	yes	no	no	no	mania 	manía	mania	manía	
manual	noun	yes	yes	yes	no	no	no	manual	manual	manual	manual	
menu	noun/adjective	no	yes	no	yes	no	no	menu	menú	cardápio	menú	
expulsion	noun	yes	yes	yes	no	no	no	expulsão	expulsión	expulsão	expulsión	
maestro	noun	no	no	yes	no	no	yes	maestro	maestro	maestro	conductor	
patio	noun	yes	yes	yes	no	no	no	pátio	patio	pátio	patio	
helicopter	noun	yes	yes	yes	no	no	no	helicóptero	helicóptero	helicóptero	helicóptero	
melon	noun	yes	yes	yes	no	no	no	melão	melón	melão	melón	
accident	noun	yes	yes	yes	no	no	no	acidente	accidente	acidente	accidente	
adult	noun/adjective	yes	yes	yes	no	no	no	adulto	adulto	adulto	adulto	
society	noun	yes	yes	yes	no	no	no	sociedade	sociedad	sociedade	sociedad	
control	noun/verb	yes	yes	yes	no	no	no	controle	control	controle	control	
cores	noun	no	no	no	yes	no	no	cores	colores	núcleos	núcleos	
dent	noun/verb	no	no	no	yes	yes	no	dente	diente	mossa	abolladura	
assume	verb	no	no	yes	yes	yes	no	assumir	asumir	supor	suponer	but it is a true cognate in the sense of assume a role/office
pull	verb	no	no	no	yes	yes	no	pular	pull	puxar	tirar	pull in spanish is a sweater
collar	noun	no	no	yes	yes	no	no	collar	collar	gola	collar	but there are also true cognates colarinho and coleira in PT
army	noun	no	no	yes	yes	yes	no	arma	arma	exército	ejército	
eventually	noun	no	no	yes	yes	yes	no	eventualmente	eventualmente	finalmente	finalmente	
large	noun	no	no	yes	yes	yes	no	largo	largo	grande	grande	
rim	noun	no	no	no	yes	no	no	rim	rima	beira	borde	
resume	verb	no	no	yes	yes	yes	no	resumir	resumir	retomar	continuar	
sensual	adjective	yes	yes	yes	no	no	no	sensual	sensual	sensual	sensual	
amass	verb	no	no	yes	yes	yes	no	amassar	amasar	acumular	acumular	spanish amasar can also be a true cognate
pretend	verb	no	no	yes	yes	yes	no	pretender	pretender	fingir	fingir	
support	verb	yes	no	yes	yes	yes	no	suporte	soporte	apoiar	apoyar	
record	verb	no	no	yes	yes	yes	no	recorde 	récord	registrar	registrar	
assist	verb	no	no	yes	yes	yes	no	assistir	asistir	ajudar	ayudar	
resume	verb	no	no	no	yes	yes	no	resumo	resumen	retomar	reanudar	
parents	noun	no	yes	yes	yes	no	no	parente	pariente	pais	los padres	
legend	adjective	no	yes	no	yes	no	yes	legenda	leyenda	lenda	leyenda	
mayor	noun	no	no	no	yes	yes	no	maior	mayor	prefeito	alcalde	
library	noun	no	no	yes	yes	yes	no	livraria	librería	biblioteca	biblioteca	
comment	verb	yes	yes	yes	no	no	no	comentar	comentar	comentar 	comentar	
complete	adjective	yes	yes	yes	no	no	no	completo	completo	completo	completo	
diversion	noun	no	no	no	yes	yes	yes	diversão	diversión	desvio	desviación 	
imagine	verb	yes	yes	yes	no	no	no	imaginar	imaginar	imaginar	imaginar	
consult	verb	yes	yes	yes	no	no	no	consulta	consulta	consultar	consultar	
amplify	verb	yes	yes	yes	no	no	no	amplificar	amplificar	amplificar	amplificar	
simplify	verb	yes	yes	yes	no	no	no	simplificar	simplificar	simplificar 	simplificar	
celebrate	verb	yes	yes	yes	no	no	no	celebrar	celebrar	celebrar	celebrar	
problem	noun	yes	yes	yes	no	no	no	problema	problema	problema	problema	
divert	verb	no	no	yes	yes	yes	no	divertir	divertir	desviar	desviar	
possible	adjective	yes	yes	yes	no	no	no	possível	posible	possível	posible	
dependable	adjective	no	no	yes	yes	yes	no	dependente	dependiente	confiável	confiable	
curse	noun	no	no	yes	yes	yes	no	curso	curso	maldição 	maldición 	
motivated	adjective	yes	yes	yes	no	no	no	motivado	motivado	motivado	motivado	
dairy	noun	no	no	no	yes	yes	yes	diário	diario	laticínios	lechería	
associated	adjective	yes	yes	yes	no	no	no	associado	asociado	associado	asociado	
costume	noun	no	no	no	yes	yes	yes	costume	costumbre	fantasia 	disfraz	
academic	adjetive	yes	yes	yes	no	no	no	acadêmico	académico	acadêmico	académico	
convict	noun	no	yes	no	yes	no	yes	convicto	convicto	condenado	convicto	
contest	noun	no	no	yes	yes	yes	no	contestar	contestar	concurso	concurso	
confident	adjective	no	yes	no	yes	no	yes	confidente	confidente	confiante	confidente	
sensibility	noun	yes	yes	yes	no	no	no	sensibilidade	sensibilidad	sensibilidade	sensibilidad	
system	noun	yes	yes	yes	no	no	no	sistema	sistema	sistema	sistema	
college	noun	no	yes	yes	yes	no	no	colégio	colegio	faculdade	colegio	
university	noun	yes	yes	yes	no	no	no	universidade	universidad	universidade	universidad	
camp	noun	no	no	yes	yes	yes	no	campo	campo	acampamento	campamento	
pacific	adjective	yes	yes	yes	no	no	no	pacífico	pacífico	pacífico	pacífico	
bond	noun	no	no	no	yes	yes	yes	bonde	bondad	elo	enlace	
available	noun	no	no	yes	yes	yes	no	avaliável	avalado	disponível 	disponible	
responsible	adjective	yes	yes	yes	no	no	no	responsável	responsable	responsável	responsble	
attend	verb	no	no	yes	yes	yes	no	atender	atender	assistir	asistir	
basic	adjective	yes	yes	yes	no	no	no	básico	básico	básico	básico	
vehicle	noun	yes	yes	yes	no	no	no	veículo	vehículo	veículo	vehículo	
red	adjective	no	no	yes	yes	yes	no	rede	red	vermelho	rojo	
letter	noun	no	no	yes	yes	yes	no	letra	letra	carta	carta	But letter in the sense of letter of the alphabet is a true cognate
anthem	noun	no	no	yes	yes	yes	no	antena	antena	hino	himno	
scholar	noun	no	no	no	yes	yes	no	escolar	escolar	estudioso	erudito	
retired	noun	no	yes	no	yes	no	yes	retirar	retirado	aposentado 	retirado	
novel	noun	no	yes	no	yes	no	yes	novela	novela	romance	novela	
medicine	noun	no	yes	yes	yes	no	yes	medicina	medicina	remédio	medicina	
lunch	noun	no	no	yes	yes	yes	no	lanche	lancha	almoço	almuerzo	
net	noun	no	no	yes	yes	yes	no	neto	neto	rede	red	
drug	noun	yes	yes	yes	no	no	no	droga	droga	droga	droga	
junk	noun	no	no	yes	yes	yes	no	junco	junco	tranqueira	basura	
policy	noun	no	no	yes	yes	yes	no	polícia	policía	política	política	
notice	verb	no	no	yes	yes	yes	no	notícia	noticia	aviso	aviso	
pasta	noun	no	yes	no	yes	no	yes	pasta	pasta	macarrão	pasta	
maul	verb	no	no	no	yes	yes	yes	mau	maula	atacar	atacar	
dogma	noun	yes	yes	yes	no	no	no	dogma	dogma	dogma	dogma	
prejudice	noun	no	yes	no	yes	no	yes	prejuizo	prejuicio	preconceito	prejuicio	
office	noun	no	yes	no	yes	no	yes	ofício	oficio	escritório	oficina	
flange	noun	yes	no	no	no	no	no	flange	flanco	flange	pestaña	
flank	noun	yes	yes	yes	no	no	no	flanco	flanco	flanco	flanco	
trace	verb	yes	yes	yes	no	no	no	traçar	trazar	traçar	trazar	
inhabitable	adjective	no	no	yes	yes	yes	no	inabitável	inhabitado	habitável	habitable	
journal	noun	no	no	yes	yes	yes	no	jornal	jornal	diário	diário	
exquisite	adjective	no	yes	no	yes	no	yes	esquisito	exquisito	requintado	exquisito	
push	verb	no	no	yes	yes	yes	no	puxar	puso	empurrar	empujar	
lecture	noun	no	no	no	yes	yes	yes	leitura	lectura	palestra	conferencia 	
fill	verb	no	no	no	yes	yes	no	fila	fila	preencher	llenar	
condiment	noun	yes	yes	yes	no	no	no	condimento	condimento	condimento 	condimento	aderezo may be more common in SP
augment	verb	yes	yes	yes	no	no	no	aumentar	aumentar	aumento 	aumento	
brink	noun	no	no	no	yes	yes	yes	brinco	brinco	beira	borde	
cup	noun	no	yes	no	Yes	No	Yes	copa	copa	taça 	copa	It's a true cognate in the football cup sense
project	noun	yes	yes	yes	no	no	no	projeto	proyecto	projeto 	proyecto	
embarrassed	adjective	no	no	no	yes	yes	yes	embaraçada	embarazada	envergonhada	avergonzada	
confusion	noun	yes	yes	yes	no	no	no	confusão	confusión	confusão	confusión	
preference	noun	yes	yes	yes	no	no	no	preferência	preferencia	preferência	preferencia	
date	noun	yes	no	no	yes	yes	yes	data	dato	data 	fecha	
gaffe	noun	yes	no	no	no	Yes	no	gafe	gafa	gafe	estupidez	
gracious	adjective	yes	no	no	no	yes	yes	gracioso	gracioso	gracioso	indulgente	
panel	noun	yes	yes	yes	no	no	no	painel	panel	painel	panel	
cable	noun	no	yes	no	yes	no	yes	cabelo	cable	fio	cable	
priority	noun	yes	yes	yes	no	no	no	prioridade	prioridad	prioridade	prioridad	
integral	adjective	no	no	yes	yes	yes	no	integral	integral	vital	vital	
vital	adjective	yes	yes	yes	no	no	no	vital	vital	vital	vital	
fatal	adjective	yes	yes	yes	no	no	no	fatal	fatal	fatal	fatal	
origin	noun	yes	yes	yes	no	no	no	origem	origen	origem	origen	
card	noun	yes	no	no	no	yes	yes	cartão	cartón	cartão	tarjeta	
vista	noun	yes	yes	yes	no	no	no	vista	vista	vista	vista	
scenario	noun	yes	yes	yes	no	no	no	cenário	escenario	cenário	escenario	
stage												