sentence_nr;word_nr;word;word_no_pct
1;1;Her;Her
1;2;friends;friends
1;3;say;say
1;4;she;she
1;5;was;was
1;6;a;a
1;7;tomboy;tomboy
1;8;in;in
1;9;her;her
1;10;childhood.;childhood
2;1;The;The
2;2;eagerly;eagerly
2;3;expected;expected
2;4;tryout;tryout
2;5;was;was
2;6;scheduled;scheduled
2;7;for;for
2;8;the;the
2;9;following;following
2;10;week.;week
3;1;After;After
3;2;the;the
3;3;successful;successful
3;4;mission;mission
3;5;the;the
3;6;airmen;airmen
3;7;were;were
3;8;hailed;hailed
3;9;as;as
3;10;heroes.;heroes
4;1;The;The
4;2;criminal's;criminal
4;3;plan;plan
4;4;to;to
4;5;kidnap;kidnap
4;6;the;the
4;7;mayor;mayor
4;8;was;was
4;9;foiled.;foiled
5;1;Native;Native
5;2;to;to
5;3;America,;America
5;4;the;the
5;5;bobcat;bobcat
5;6;hunts;hunts
5;7;rodents;rodents
5;8;and;and
5;9;deer.;deer
6;1;Years;Years
6;2;ago,;ago
6;3;going;going
6;4;to;to
6;5;the;the
6;6;carhop;carhop
6;7;was;was
6;8;a;a
6;9;popular;popular
6;10;date.;date
7;1;This;This
7;2;year,;year
7;3;the;the
7;4;cutoff;cutoff
7;5;date;date
7;6;for;for
7;7;admissions;admissions
7;8;is;is
7;9;very;very
7;10;early.;early
8;1;After;After
8;2;calling;calling
8;3;his;his
8;4;teacher;teacher
8;5;a;a
8;6;dimwit;dimwit
8;7;the;the
8;8;student;student
8;9;was;was
8;10;suspended.;suspended
9;1;The;The
9;2;soldiers;soldiers
9;3;were;were
9;4;forced;forced
9;5;to;to
9;6;defend;defend
9;7;their;their
9;8;dugout;dugout
9;9;until;until
9;10;nightfall.;nightfall
10;1;The;The
10;2;candidate;candidate
10;3;clearly;clearly
10;4;needed;needed
10;5;a;a
10;6;new;new
10;7;outfit;outfit
10;8;for;for
10;9;the;the
10;10;debate.;debate
11;1;My;My
11;2;aunt;aunt
11;3;loves;loves
11;4;to;to
11;5;drink;drink
11;6;eggnog;eggnog
11;7;at;at
11;8;Christmastime.;Christmastime
12;1;In;In
12;2;humans,;humans
12;3;an;an
12;4;eyelid;eyelid
12;5;protects;protects
12;6;the;the
12;7;eye;eye
12;8;from;from
12;9;small;small
12;10;objects.;objects
13;1;Maybe;Maybe
13;2;the;the
13;3;heyday;heyday
13;4;of;of
13;5;the;the
13;6;automobile;automobile
13;7;will;will
13;8;soon;soon
13;9;be;be
13;10;over.;over
14;1;The;The
14;2;country;country
14;3;is;is
14;4;still;still
14;5;a;a
14;6;hotbed;hotbed
14;7;of;of
14;8;civil;civil
14;9;unrest.;unrest
15;1;The;The
15;2;argument;argument
15;3;was;was
15;4;humbug;humbug
15;5;in;in
15;6;the;the
15;7;eyes;eyes
15;8;of;of
15;9;the;the
15;10;jury.;jury
16;1;It;It
16;2;is;is
16;3;hard;hard
16;4;for;for
16;5;a;a
16;6;layman;layman
16;7;to;to
16;8;understand;understand
16;9;these;these
16;10;laws.;laws
17;1;The;The
17;2;company's;company
17;3;massive;massive
17;4;layoff;layoff
17;5;threatens;threatens
17;6;the;the
17;7;economy;economy
17;8;of;of
17;9;the;the
17;10;county.;county
18;1;The;The
18;2;newspaper's;newspaper
18;3;new;new
18;4;layout;layout
18;5;received;received
18;6;rave;rave
18;7;reviews;reviews
18;8;from;from
18;9;readers.;readers
19;1;The;The
19;2;crisis;crisis
19;3;left;left
19;4;the;the
19;5;government;government
19;6;little;little
19;7;leeway;leeway
19;8;for;for
19;9;reform.;reform
20;1;The;The
20;2;legislation;legislation
20;3;ran;ran
20;4;into;into
20;5;a;a
20;6;logjam;logjam
20;7;when;when
20;8;three;three
20;9;senators;senators
20;10;died.;died
21;1;The;The
21;2;recent;recent
21;3;profits;profits
21;4;cannot;cannot
21;5;offset;offset
21;6;the;the
21;7;first;first
21;8;quarter's;quarter
21;9;losses.;losses
22;1;The;The
22;2;senator's;senator
22;3;public;public
22;4;statement;statement
22;5;caused;caused
22;6;an;an
22;7;outcry;outcry
22;8;among;among
22;9;the;the
22;10;voters.;voters
23;1;Once;Once
23;2;again,;again
23;3;the;the
23;4;notorious;notorious
23;5;outlaw;outlaw
23;6;had;had
23;7;robbed;robbed
23;8;the;the
23;9;noblemen.;noblemen
24;1;His;His
24;2;room;room
24;3;resembled;resembled
24;4;a;a
24;5;pigsty;pigsty
24;6;most;most
24;7;of;of
24;8;the;the
24;9;time.;time
25;1;The;The
25;2;criminals;criminals
25;3;are;are
25;4;just;just
25;5;a;a
25;6;ragtag;ragtag
25;7;group;group
25;8;of;of
25;9;thugs.;thugs
26;1;Every;Every
26;2;night,;night
26;3;the;the
26;4;seaman;seaman
26;5;sang;sang
26;6;old;old
26;7;shanties.;shanties
27;1;In;In
27;2;the;the
27;3;morning,;morning
27;4;the;the
27;5;sunlit;sunlit
27;6;forest;forest
27;7;clearing;clearing
27;8;looked;looked
27;9;beautiful.;beautiful
28;1;The;The
28;2;beautiful;beautiful
28;3;island;island
28;4;sunset;sunset
28;5;has;has
28;6;been;been
28;7;painted;painted
28;8;many;many
28;9;times.;times
29;1;Michael;Michael
29;2;had;had
29;3;to;to
29;4;tiptoe;tiptoe
29;5;around;around
29;6;the;the
29;7;sleeping;sleeping
29;8;dog.;dog
30;1;Many;Many
30;2;commuters;commuters
30;3;take;take
30;4;the;the
30;5;subway;subway
30;6;every;every
30;7;day.;day
31;1;John;John
31;2;stood;stood
31;3;in;in
31;4;line;line
31;5;at;at
31;6;the;the
31;7;hotdog;hotdog
31;8;stand;stand
31;9;nearby.;nearby
32;1;The;The
32;2;girl;girl
32;3;walked;walked
32;4;through;through
32;5;a;a
32;6;cobweb;cobweb
32;7;in;in
32;8;the;the
32;9;attic.;attic
33;1;Kenny;Kenny
33;2;liked;liked
33;3;the;the
33;4;ice;ice
33;5;cream;cream
33;6;sundae;sundae
33;7;at;at
33;8;the;the
33;9;local;local
33;10;diner.;diner
34;1;A;A
34;2;rare;rare
34;3;find,;find
34;4;the;the
34;5;antique;antique
34;6;teapot;teapot
34;7;is;is
34;8;worth;worth
34;9;a;a
34;10;lot.;lot
35;1;To;To
35;2;enter;enter
35;3;the;the
35;4;code,;code
35;5;use;use
35;6;the;the
35;7;keypad;keypad
35;8;at;at
35;9;the;the
35;10;door.;door
36;1;Many;Many
36;2;politicians;politicians
36;3;have;have
36;4;denounced;denounced
36;5;payday;payday
36;6;loans;loans
36;7;as;as
36;8;dangerous;dangerous
36;9;to;to
36;10;consumers.;consumers
37;1;The;The
37;2;smell;smell
37;3;of;of
37;4;catnip;catnip
37;5;is;is
37;6;very;very
37;7;attractive;attractive
37;8;to;to
37;9;cats.;cats
38;1;In;In
38;2;British;British
38;3;cuisine;cuisine
38;4;the;the
38;5;potpie;potpie
38;6;is;is
38;7;considered;considered
38;8;a;a
38;9;delicacy.;delicacy
39;1;John;John
39;2;went;went
39;3;out;out
39;4;for;for
39;5;tenpin;tenpin
39;6;bowling;bowling
39;7;last;last
39;8;night.;night
40;1;John;John
40;2;could;could
40;3;not;not
40;4;find;find
40;5;anyone;anyone
40;6;who;who
40;7;would;would
40;8;help;help
40;9;him.;him
41;1;In;In
41;2;crashes;crashes
41;3;an;an
41;4;airbag;airbag
41;5;can;can
41;6;prevent;prevent
41;7;the;the
41;8;driver;driver
41;9;from;from
41;10;injury.;injury
42;1;Jack;Jack
42;2;loved;loved
42;3;the;the
42;4;jigsaw;jigsaw
42;5;puzzle;puzzle
42;6;he;he
42;7;got;got
42;8;for;for
42;9;his;his
42;10;birthday.;birthday
43;1;Everyone;Everyone
43;2;scattered;scattered
43;3;as;as
43;4;the;the
43;5;infamous;infamous
43;6;cowboy;cowboy
43;7;drew;drew
43;8;his;his
43;9;gun.;gun
44;1;The;The
44;2;beef;beef
44;3;cutlet;cutlet
44;4;is;is
44;5;one;one
44;6;of;of
44;7;the;the
44;8;restaurant's;restaurant
44;9;signature;signature
44;10;dishes.;dishes
45;1;John;John
45;2;cannot;cannot
45;3;eat;eat
45;4;a;a
45;5;single;single
45;6;peanut;peanut
45;7;without;without
45;8;risking;risking
45;9;a;a
45;10;rash.;rash
46;1;The;The
46;2;woman;woman
46;3;knew;knew
46;4;her;her
46;5;lovely;lovely
46;6;suntan;suntan
46;7;would;would
46;8;impress;impress
46;9;her;her
46;10;friends.;friends
47;1;They;They
47;2;knew;knew
47;3;that;that
47;4;the;the
47;5;mainland;mainland
47;6;could;could
47;7;not;not
47;8;be;be
47;9;far;far
47;10;away.;away
48;1;It;It
48;2;was;was
48;3;the;the
48;4;computer;computer
48;5;software;software
48;6;the;the
48;7;teenager;teenager
48;8;resented;resented
48;9;paying;paying
48;10;for.;for
49;1;The;The
49;2;designer;designer
49;3;shop;shop
49;4;sold;sold
49;5;expensive;expensive
49;6;knitwear;knitwear
49;7;that;that
49;8;was;was
49;9;very;very
49;10;popular.;popular
50;1;The;The
50;2;books;books
50;3;were;were
50;4;quite;quite
50;5;highbrow;highbrow
50;6;and;and
50;7;difficult;difficult
50;8;to;to
50;9;understand.;understand
51;1;The;The
51;2;old;old
51;3;salesman's;salesman
51;4;battered;battered
51;5;passport;passport
51;6;had;had
51;7;been;been
51;8;stamped;stamped
51;9;many;many
51;10;times.;times
52;1;Everyone;Everyone
52;2;joined;joined
52;3;in;in
52;4;a;a
52;5;tremendous;tremendous
52;6;singsong;singsong
52;7;around;around
52;8;the;the
52;9;piano.;piano
53;1;The;The
53;2;police;police
53;3;knew;knew
53;4;the;the
53;5;dangerous;dangerous
53;6;madman;madman
53;7;could;could
53;8;be;be
53;9;violent.;violent
54;1;All;All
54;2;the;the
54;3;players;players
54;4;enjoyed;enjoyed
54;5;the;the
54;6;softball;softball
54;7;game;game
54;8;in;in
54;9;the;the
54;10;park.;park
55;1;They;They
55;2;knew;knew
55;3;the;the
55;4;electrical;electrical
55;5;output;output
55;6;would;would
55;7;meet;meet
55;8;the;the
55;9;requirements.;requirements
56;1;With;With
56;2;great;great
56;3;care;care
56;4;he;he
56;5;picked;picked
56;6;up;up
56;7;the;the
56;8;blowpipe;blowpipe
56;9;and;and
56;10;aimed.;aimed
57;1;Very;Very
57;2;quietly;quietly
57;3;they;they
57;4;watched;watched
57;5;the;the
57;6;elusive;elusive
57;7;wildlife;wildlife
57;8;using;using
57;9;powerful;powerful
57;10;binoculars.;binoculars
58;1;The;The
58;2;man;man
58;3;was;was
58;4;an;an
58;5;important;important
58;6;bigwig;bigwig
58;7;in;in
58;8;his;his
58;9;field.;field
59;1;Very;Very
59;2;quickly;quickly
59;3;the;the
59;4;mainsail;mainsail
59;5;unfurled;unfurled
59;6;and;and
59;7;thrust;thrust
59;8;the;the
59;9;yacht;yacht
59;10;forward.;forward
60;1;He;He
60;2;quickly;quickly
60;3;used;used
60;4;the;the
60;5;plastic;plastic
60;6;ramrod;ramrod
60;7;to;to
60;8;unblock;unblock
60;9;the;the
60;10;drains.;drains
61;1;Far;Far
61;2;below,;below
61;3;the;the
61;4;bright;bright
61;5;runway;runway
61;6;was;was
61;7;visible;visible
61;8;to;to
61;9;the;the
61;10;pilot.;pilot
62;1;The;The
62;2;journalists;journalists
62;3;worried;worried
62;4;about;about
62;5;the;the
62;6;impending;impending
62;7;deadline;deadline
62;8;for;for
62;9;their;their
62;10;stories.;stories
63;1;John;John
63;2;often;often
63;3;used;used
63;4;the;the
63;5;specialized;specialized
63;6;darkroom;darkroom
63;7;to;to
63;8;develop;develop
63;9;his;his
63;10;photos.;photos
64;1;She;She
64;2;knew;knew
64;3;that;that
64;4;the;the
64;5;informative;informative
64;6;cookbook;cookbook
64;7;would;would
64;8;contain;contain
64;9;the;the
64;10;recipe.;recipe
65;1;Very;Very
65;2;carefully;carefully
65;3;he;he
65;4;guided;guided
65;5;the;the
65;6;lengthy;lengthy
65;7;sailboat;sailboat
65;8;into;into
65;9;the;the
65;10;harbor.;harbor
66;1;Everyone;Everyone
66;2;knew;knew
66;3;the;the
66;4;frustrating;frustrating
66;5;deadlock;deadlock
66;6;would;would
66;7;lead;lead
66;8;to;to
66;9;violence.;violence
67;1;The;The
67;2;woman;woman
67;3;read;read
67;4;the;the
67;5;headline;headline
67;6;with;with
67;7;a;a
67;8;sense;sense
67;9;of;of
67;10;dread.;dread
68;1;The;The
68;2;tourists;tourists
68;3;enjoyed;enjoyed
68;4;the;the
68;5;beautiful;beautiful
68;6;highland;highland
68;7;scenery;scenery
68;8;during;during
68;9;the;the
68;10;visit.;visit
69;1;The;The
69;2;girl;girl
69;3;wore;wore
69;4;her;her
69;5;favorite;favorite
69;6;swimsuit;swimsuit
69;7;at;at
69;8;the;the
69;9;pool.;pool
70;1;The;The
70;2;woman;woman
70;3;had;had
70;4;made;made
70;5;a;a
70;6;beautiful;beautiful
70;7;hotpot;hotpot
70;8;for;for
70;9;the;the
70;10;guests.;guests
71;1;In;In
71;2;the;the
71;3;frantic;frantic
71;4;workshop;workshop
71;5;the;the
71;6;engineer;engineer
71;7;was;was
71;8;very;very
71;9;busy.;busy
72;1;The;The
72;2;mother;mother
72;3;particularly;particularly
72;4;liked;liked
72;5;the;the
72;6;delightful;delightful
72;7;snapshot;snapshot
72;8;of;of
72;9;her;her
72;10;daughter.;daughter
73;1;The;The
73;2;youngster;youngster
73;3;enjoyed;enjoyed
73;4;the;the
73;5;crunchy;crunchy
73;6;flapjack;flapjack
73;7;his;his
73;8;mother;mother
73;9;had;had
73;10;made.;made
74;1;The;The
74;2;mountains;mountains
74;3;provided;provided
74;4;a;a
74;5;picturesque;picturesque
74;6;backdrop;backdrop
74;7;for;for
74;8;the;the
74;9;film;film
74;10;scene.;scene
75;1;After;After
75;2;several;several
75;3;days;days
75;4;the;the
75;5;impressive;impressive
75;6;borehole;borehole
75;7;was;was
75;8;sufficiently;sufficiently
75;9;deep.;deep
76;1;The;The
76;2;man;man
76;3;bought;bought
76;4;tools;tools
76;5;from;from
76;6;the;the
76;7;hardware;hardware
76;8;store;store
76;9;in;in
76;10;town.;town
77;1;The;The
77;2;woman;woman
77;3;hated;hated
77;4;clearing;clearing
77;5;the;the
77;6;bindweed;bindweed
77;7;from;from
77;8;her;her
77;9;rose;rose
77;10;garden.;garden
78;1;The;The
78;2;man;man
78;3;struggled;struggled
78;4;with;with
78;5;the;the
78;6;massive;massive
78;7;dumbbell;dumbbell
78;8;in;in
78;9;the;the
78;10;gym.;gym
79;1;The;The
79;2;student;student
79;3;misremembered;misremembered
79;4;his;his
79;5;password;password
79;6;and;and
79;7;could;could
79;8;not;not
79;9;log;log
79;10;on.;on
80;1;The;The
80;2;Christmas;Christmas
80;3;rush;rush
80;4;meant;meant
80;5;increased;increased
80;6;overtime;overtime
80;7;payments;payments
80;8;to;to
80;9;the;the
80;10;workers.;workers
81;1;From;From
81;2;the;the
81;3;plane;plane
81;4;they;they
81;5;saw;saw
81;6;the;the
81;7;icecap;icecap
81;8;many;many
81;9;meters;meters
81;10;below.;below
82;1;The;The
82;2;man;man
82;3;knew;knew
82;4;his;his
82;5;powerful;powerful
82;6;backhand;backhand
82;7;was;was
82;8;his;his
82;9;best;best
82;10;shot.;shot
83;1;Tensions;Tensions
83;2;in;in
83;3;the;the
83;4;city;city
83;5;caused;caused
83;6;a;a
83;7;backlash;backlash
83;8;against;against
83;9;the;the
83;10;police.;police
84;1;The;The
84;2;children;children
84;3;enjoyed;enjoyed
84;4;the;the
84;5;playtime;playtime
84;6;because;because
84;7;the;the
84;8;sun;sun
84;9;was;was
84;10;shining.;shining
85;1;The;The
85;2;new;new
85;3;car;car
85;4;impressed;impressed
85;5;everyone;everyone
85;6;in;in
85;7;the;the
85;8;showroom;showroom
85;9;this;this
85;10;weekend.;weekend
86;1;The;The
86;2;child;child
86;3;put;put
86;4;the;the
86;5;battered;battered
86;6;workbook;workbook
86;7;into;into
86;8;his;his
86;9;schoolbag.;schoolbag
87;1;After;After
87;2;dark,;dark
87;3;the;the
87;4;tripwire;tripwire
87;5;caught;caught
87;6;a;a
87;7;prisoner;prisoner
87;8;trying;trying
87;9;to;to
87;10;escape.;escape
88;1;The;The
88;2;teenager;teenager
88;3;thought;thought
88;4;that;that
88;5;the;the
88;6;romantic;romantic
88;7;keepsake;keepsake
88;8;was;was
88;9;wonderful.;wonderful
89;1;The;The
89;2;student;student
89;3;needed;needed
89;4;a;a
89;5;new;new
89;6;backpack;backpack
89;7;for;for
89;8;the;the
89;9;school;school
89;10;year.;year
90;1;The;The
90;2;loud;loud
90;3;backfire;backfire
90;4;from;from
90;5;the;the
90;6;truck;truck
90;7;sounded;sounded
90;8;like;like
90;9;a;a
90;10;gunshot.;gunshot
91;1;After;After
91;2;he;he
91;3;painted;painted
91;4;the;the
91;5;front,;front
91;6;the;the
91;7;house's;house
91;8;backside;backside
91;9;was;was
91;10;next.;next
92;1;The;The
92;2;professional;professional
92;3;tennis;tennis
92;4;player;player
92;5;had;had
92;6;strong;strong
92;7;backspin;backspin
92;8;on;on
92;9;his;his
92;10;serves.;serves
93;1;The;The
93;2;banquet;banquet
93;3;dinner;dinner
93;4;in;in
93;5;the;the
93;6;ballroom;ballroom
93;7;was;was
93;8;a;a
93;9;fantastic;fantastic
93;10;success.;success
94;1;Working;Working
94;2;in;in
94;3;a;a
94;4;barnyard;barnyard
94;5;did;did
94;6;not;not
94;7;excuse;excuse
94;8;his;his
94;9;poor;poor
94;10;etiquette.;etiquette
95;1;Despite;Despite
95;2;bursts;bursts
95;3;of;of
95;4;action,;action
95;5;baseball;baseball
95;6;is;is
95;7;generally;generally
95;8;a;a
95;9;slow;slow
95;10;sport.;sport
96;1;In;In
96;2;the;the
96;3;remodel;remodel
96;4;budget,;budget
96;5;the;the
96;6;bathroom;bathroom
96;7;received;received
96;8;the;the
96;9;smallest;smallest
96;10;amount.;amount
97;1;Watching;Watching
97;2;the;the
97;3;train,;train
97;4;she;she
97;5;noticed;noticed
97;6;every;every
97;7;boxcar;boxcar
97;8;was;was
97;9;heavily;heavily
97;10;graffitied.;graffitied
98;1;Her;Her
98;2;voice;voice
98;3;resembled;resembled
98;4;that;that
98;5;of;of
98;6;a;a
98;7;bullfrog;bullfrog
98;8;during;during
98;9;her;her
98;10;illness.;illness
99;1;They;They
99;2;fried;fried
99;3;the;the
99;4;excellent;excellent
99;5;crawfish;crawfish
99;6;they;they
99;7;had;had
99;8;caught.;caught
100;1;After;After
100;2;refusing;refusing
100;3;to;to
100;4;pay;pay
100;5;alimony,;alimony
100;6;the;the
100;7;deadbeat;deadbeat
100;8;dad;dad
100;9;was;was
100;10;sued.;sued
101;1;She;She
101;2;found;found
101;3;the;the
101;4;perfect;perfect
101;5;doorknob;doorknob
101;6;for;for
101;7;the;the
101;8;new;new
101;9;door.;door
102;1;The;The
102;2;news;news
102;3;predicted;predicted
102;4;overcast;overcast
102;5;skies;skies
102;6;for;for
102;7;the;the
102;8;week.;week
103;1;Bad;Bad
103;2;grades;grades
103;3;caused;caused
103;4;the;the
103;5;downfall;downfall
103;6;of;of
103;7;the;the
103;8;student's;student
103;9;academic;academic
103;10;career.;career
104;1;She;She
104;2;was;was
104;3;much;much
104;4;better;better
104;5;at;at
104;6;downhill;downhill
104;7;skiing;skiing
104;8;than;than
104;9;her;her
104;10;brother.;brother
105;1;The;The
105;2;storm;storm
105;3;brought;brought
105;4;days;days
105;5;of;of
105;6;downpour;downpour
105;7;to;to
105;8;the;the
105;9;dry;dry
105;10;city.;city
106;1;Looking;Looking
106;2;for;for
106;3;parking;parking
106;4;downtown;downtown
106;5;is;is
106;6;never;never
106;7;easy.;easy
107;1;The;The
107;2;steep;steep
107;3;downward;downward
107;4;slope;slope
107;5;lead;lead
107;6;to;to
107;7;the;the
107;8;ocean.;ocean
108;1;The;The
108;2;hotel;hotel
108;3;room;room
108;4;was;was
108;5;downwind;downwind
108;6;of;of
108;7;the;the
108;8;smelly;smelly
108;9;garbage;garbage
108;10;cans.;cans
109;1;His;His
109;2;lack;lack
109;3;of;of
109;4;ambition;ambition
109;5;was;was
109;6;a;a
109;7;drawback;drawback
109;8;to;to
109;9;his;his
109;10;personality.;personality
110;1;The;The
110;2;girl;girl
110;3;cleaned;cleaned
110;4;out;out
110;5;her;her
110;6;earwax;earwax
110;7;on;on
110;8;a;a
110;9;daily;daily
110;10;basis.;basis
111;1;Startled,;Startled
111;2;the;the
111;3;boy;boy
111;4;realized;realized
111;5;an;an
111;6;earwig;earwig
111;7;was;was
111;8;tickling;tickling
111;9;him.;him
112;1;The;The
112;2;compass;compass
112;3;directed;directed
112;4;the;the
112;5;group;group
112;6;eastward;eastward
112;7;into;into
112;8;the;the
112;9;dense;dense
112;10;forest.;forest
113;1;The;The
113;2;boy;boy
113;3;said;said
113;4;his;his
113;5;last;last
113;6;farewell;farewell
113;7;to;to
113;8;his;his
113;9;girlfriend.;girlfriend
114;1;She;She
114;2;got;got
114;3;poor;poor
114;4;feedback;feedback
114;5;on;on
114;6;her;her
114;7;rough;rough
114;8;draft.;draft
115;1;The;The
115;2;burning;burning
115;3;building;building
115;4;was;was
115;5;like;like
115;6;a;a
115;7;fireball;fireball
115;8;against;against
115;9;the;the
115;10;sky.;sky
116;1;The;The
116;2;couple;couple
116;3;first;first
116;4;kissed;kissed
116;5;by;by
116;6;the;the
116;7;fireside;fireside
116;8;at;at
116;9;summer;summer
116;10;camp.;camp
117;1;His;His
117;2;chores;chores
117;3;included;included
117;4;chopping;chopping
117;5;firewood;firewood
117;6;for;for
117;7;the;the
117;8;long;long
117;9;winter;winter
117;10;ahead.;ahead
118;1;Living;Living
118;2;in;in
118;3;a;a
118;4;fishbowl;fishbowl
118;5;was;was
118;6;too;too
118;7;cramped;cramped
118;8;for;for
118;9;the;the
118;10;fish.;fish
119;1;Jack;Jack
119;2;took;took
119;3;the;the
119;4;fishhook;fishhook
119;5;out;out
119;6;of;of
119;7;the;the
119;8;salmon's;salmon
119;9;mouth.;mouth
120;1;The;The
120;2;young;young
120;3;kids;kids
120;4;used;used
120;5;the;the
120;6;flagpole;flagpole
120;7;to;to
120;8;play;play
120;9;tetherball.;tetherball
121;1;The;The
121;2;company's;company
121;3;flagship;flagship
121;4;store;store
121;5;was;was
121;6;located;located
121;7;in;in
121;8;London.;London
122;1;The;The
122;2;girl;girl
122;3;always;always
122;4;used;used
122;5;a;a
122;6;flatiron;flatiron
122;7;to;to
122;8;straighten;straighten
122;9;her;her
122;10;curls.;curls
123;1;The;The
123;2;bride;bride
123;3;registered;registered
123;4;new;new
123;5;flatware;flatware
123;6;as;as
123;7;her;her
123;8;most;most
123;9;desired;desired
123;10;gift.;gift
124;1;To;To
124;2;the;the
124;3;boy,;boy
124;4;football;football
124;5;was;was
124;6;the;the
124;7;most;most
124;8;important;important
124;9;sport.;sport
125;1;The;The
125;2;climbing;climbing
125;3;rock;rock
125;4;didn't;didn't
125;5;have;have
125;6;a;a
125;7;foothold;foothold
125;8;within;within
125;9;reach.;reach
126;1;The;The
126;2;family;family
126;3;added;added
126;4;a;a
126;5;footpath;footpath
126;6;in;in
126;7;the;the
126;8;garden.;garden
127;1;The;The
127;2;boy;boy
127;3;couldn't;couldn't
127;4;reach;reach
127;5;the;the
127;6;footrest;footrest
127;7;on;on
127;8;the;the
127;9;seat.;seat
128;1;The;The
128;2;house;house
128;3;was;was
128;4;so;so
128;5;quiet;quiet
128;6;a;a
128;7;footstep;footstep
128;8;sounded;sounded
128;9;like;like
128;10;thunder.;thunder
129;1;The;The
129;2;dance;dance
129;3;required;required
129;4;very;very
129;5;difficult;difficult
129;6;footwork;footwork
129;7;for;for
129;8;the;the
129;9;woman.;woman
130;1;She;She
130;2;relied;relied
130;3;on;on
130;4;the;the
130;5;forecast;forecast
130;6;to;to
130;7;know;know
130;8;how;how
130;9;to;to
130;10;dress.;dress
131;1;She;She
131;2;considered;considered
131;3;adding;adding
131;4;the;the
131;5;foreword;foreword
131;6;to;to
131;7;the;the
131;8;reading;reading
131;9;assignments.;assignments
132;1;The;The
132;2;girls;girls
132;3;went;went
132;4;as;as
132;5;a;a
132;6;foursome;foursome
132;7;to;to
132;8;every;every
132;9;dance.;dance
133;1;To;To
133;2;the;the
133;3;boy,;boy
133;4;turning;turning
133;5;fourteen;fourteen
133;6;wasn't;wasn't
133;7;very;very
133;8;exciting.;exciting
134;1;The;The
134;2;art;art
134;3;teacher;teacher
134;4;was;was
134;5;impressed;impressed
134;6;with;with
134;7;the;the
134;8;freehand;freehand
134;9;sketch.;sketch
135;1;After;After
135;2;running;running
135;3;sprints;sprints
135;4;the;the
135;5;fullback;fullback
135;6;realized;realized
135;7;he;he
135;8;needed;needed
135;9;more;more
135;10;practice.;practice
136;1;The;The
136;2;boy;boy
136;3;found;found
136;4;a;a
136;5;glowworm;glowworm
136;6;in;in
136;7;the;the
136;8;dirt.;dirt
137;1;The;The
137;2;parents;parents
137;3;decided;decided
137;4;a;a
137;5;goldfish;goldfish
137;6;would;would
137;7;be;be
137;8;a;a
137;9;great;great
137;10;pet.;pet
138;1;At;At
138;2;the;the
138;3;shooting;shooting
138;4;range;range
138;5;the;the
138;6;gunman;gunman
138;7;was;was
138;8;well;well
138;9;known.;known
139;1;The;The
139;2;man's;man
139;3;receding;receding
139;4;hairline;hairline
139;5;made;made
139;6;him;him
139;7;very;very
139;8;self-conscious.;self-conscious
140;1;The;The
140;2;quarterback;quarterback
140;3;knew;knew
140;4;his;his
140;5;halfback;halfback
140;6;would;would
140;7;be;be
140;8;open.;open
141;1;Because;Because
141;2;the;the
141;3;handbook;handbook
141;4;provided;provided
141;5;no;no
141;6;answers;answers
141;7;he;he
141;8;gave;gave
141;9;up.;up
142;1;She;She
142;2;knew;knew
142;3;that;that
142;4;handmade;handmade
142;5;gifts;gifts
142;6;make;make
142;7;the;the
142;8;most;most
142;9;sincere;sincere
142;10;presents.;presents
143;1;She;She
143;2;would;would
143;3;go;go
143;4;the;the
143;5;farm;farm
143;6;and;and
143;7;handpick;handpick
143;8;the;the
143;9;produce;produce
143;10;herself.;herself
144;1;He;He
144;2;finally;finally
144;3;skated;skated
144;4;the;the
144;5;whole;whole
144;6;handrail;handrail
144;7;without;without
144;8;falling.;falling
145;1;He;He
145;2;considered;considered
145;3;himself;himself
145;4;the;the
145;5;most;most
145;6;handsome;handsome
145;7;guy;guy
145;8;at;at
145;9;the;the
145;10;party.;party
146;1;None;None
146;2;of;of
146;3;the;the
146;4;many;many
146;5;hangover;hangover
146;6;remedies;remedies
146;7;seem;seem
146;8;to;to
146;9;really;really
146;10;work.;work
147;1;She;She
147;2;used;used
147;3;a;a
147;4;headband;headband
147;5;to;to
147;6;keep;keep
147;7;her;her
147;8;bangs;bangs
147;9;under;under
147;10;control.;control
148;1;She;She
148;2;wore;wore
148;3;the;the
148;4;heirloom;heirloom
148;5;necklace;necklace
148;6;with;with
148;7;great;great
148;8;caution.;caution
149;1;She;She
149;2;wanted;wanted
149;3;to;to
149;4;live;live
149;5;on;on
149;6;the;the
149;7;hillside;hillside
149;8;overlooking;overlooking
149;9;the;the
149;10;beach.;beach
150;1;The;The
150;2;girl;girl
150;3;was;was
150;4;known;known
150;5;to;to
150;6;overcook;overcook
150;7;everything;everything
150;8;she;she
150;9;made.;made
151;1;The;The
151;2;defendant;defendant
151;3;wished;wished
151;4;the;the
151;5;judge;judge
151;6;would;would
151;7;overturn;overturn
151;8;the;the
151;9;previous;previous
151;10;ruling.;ruling
152;1;He;He
152;2;never;never
152;3;really;really
152;4;understood;understood
152;5;how;how
152;6;anyone;anyone
152;7;could;could
152;8;survive;survive
152;9;without;without
152;10;literature.;literature
153;1;The;The
153;2;dangerous;dangerous
153;3;political;political
153;4;situation;situation
153;5;forced;forced
153;6;many;many
153;7;activists;activists
153;8;to;to
153;9;emigrate.;emigrate
154;1;She;She
154;2;is;is
154;3;the;the
154;4;author;author
154;5;of;of
154;6;several;several
154;7;successful;successful
154;8;biology;biology
154;9;textbooks.;textbooks
